{"cameraMode":{"drawMode":0,"name":"Shaded","section":"Shading Mode"},"sceneLighting":true,"audioPlay":false,"sceneViewState":{"m_AlwaysRefresh":false,"showFog":true,"showSkybox":true,"showFlares":true,"showImageEffects":true,"showParticleSystems":true,"showVisualEffectGraphs":true,"m_FxEnabled":true},"in2DMode":false,"pivot":{"x":-6.029365062713623,"y":3.2748477458953859,"z":-9.924607276916504},"rotation":{"x":-0.21406243741512299,"y":0.13343782722949983,"z":-0.029532713815569879,"w":-0.9672073721885681},"size":2.014864683151245,"orthographic":false}