{"cameraMode":{"drawMode":0,"name":"Shaded","section":"Shading Mode"},"sceneLighting":true,"audioPlay":false,"sceneViewState":{"m_AlwaysRefresh":false,"showFog":true,"showSkybox":true,"showFlares":true,"showImageEffects":true,"showParticleSystems":true,"showVisualEffectGraphs":true,"m_FxEnabled":true},"in2DMode":false,"pivot":{"x":25.198026657104493,"y":-32.45185470581055,"z":35.951202392578128},"rotation":{"x":-0.30249670147895815,"y":-0.2706729471683502,"z":0.09057169407606125,"w":-0.9092609882354736},"size":29.374269485473634,"orthographic":false}